{
    "LogisticRegression": {
        "accuracy": 0.9736842105263158,
        "precision": 0.9737190197716513,
        "recall": 0.9736842105263158,
        "f1": 0.973621425014614,
        "roc_auc": 0.99737962659679,
        "specificity": 0.9859154929577465,
        "sensitivity": 0.9534883720930233,
        "confusion_matrix": {
            "tn": 70,
            "fp": 1,
            "fn": 2,
            "tp": 41
        }
    },
    "RandomForest": {
        "accuracy": 0.9649122807017544,
        "precision": 0.9652053622194477,
        "recall": 0.9649122807017544,
        "f1": 0.9647382344750765,
        "roc_auc": 0.9954143465443825,
        "specificity": 0.9859154929577465,
        "sensitivity": 0.9302325581395349,
        "confusion_matrix": {
            "tn": 70,
            "fp": 1,
            "fn": 3,
            "tp": 40
        }
    },
    "ExtraTrees": {
        "accuracy": 0.9736842105263158,
        "precision": 0.9737190197716513,
        "recall": 0.9736842105263158,
        "f1": 0.973621425014614,
        "roc_auc": 0.9980347199475925,
        "specificity": 0.9859154929577465,
        "sensitivity": 0.9534883720930233,
        "confusion_matrix": {
            "tn": 70,
            "fp": 1,
            "fn": 2,
            "tp": 41
        }
    },
    "Bagging": {
        "accuracy": 0.956140350877193,
        "precision": 0.9560881370091896,
        "recall": 0.956140350877193,
        "f1": 0.9560357083576898,
        "roc_auc": 0.9895185063871601,
        "specificity": 0.971830985915493,
        "sensitivity": 0.9302325581395349,
        "confusion_matrix": {
            "tn": 69,
            "fp": 2,
            "fn": 3,
            "tp": 40
        }
    },
    "GradientBoosting": {
        "accuracy": 0.956140350877193,
        "precision": 0.9560881370091896,
        "recall": 0.956140350877193,
        "f1": 0.9560357083576898,
        "roc_auc": 0.9950867998689813,
        "specificity": 0.971830985915493,
        "sensitivity": 0.9302325581395349,
        "confusion_matrix": {
            "tn": 69,
            "fp": 2,
            "fn": 3,
            "tp": 40
        }
    },
    "AdaBoost": {
        "accuracy": 0.9736842105263158,
        "precision": 0.9737190197716513,
        "recall": 0.9736842105263158,
        "f1": 0.973621425014614,
        "roc_auc": 0.9954143465443825,
        "specificity": 0.9859154929577465,
        "sensitivity": 0.9534883720930233,
        "confusion_matrix": {
            "tn": 70,
            "fp": 1,
            "fn": 2,
            "tp": 41
        }
    },
    "SVM": {
        "accuracy": 0.9649122807017544,
        "precision": 0.9649122807017544,
        "recall": 0.9649122807017544,
        "f1": 0.9649122807017544,
        "roc_auc": 0.9970520799213888,
        "specificity": 0.971830985915493,
        "sensitivity": 0.9534883720930233,
        "confusion_matrix": {
            "tn": 69,
            "fp": 2,
            "fn": 2,
            "tp": 41
        }
    },
    "KNN": {
        "accuracy": 0.9473684210526315,
        "precision": 0.9473684210526315,
        "recall": 0.9473684210526315,
        "f1": 0.9473684210526315,
        "roc_auc": 0.9811660661644284,
        "specificity": 0.9577464788732394,
        "sensitivity": 0.9302325581395349,
        "confusion_matrix": {
            "tn": 68,
            "fp": 3,
            "fn": 3,
            "tp": 40
        }
    },
    "NaiveBayes": {
        "accuracy": 0.9649122807017544,
        "precision": 0.9652053622194477,
        "recall": 0.9649122807017544,
        "f1": 0.9647382344750765,
        "roc_auc": 0.99737962659679,
        "specificity": 0.9859154929577465,
        "sensitivity": 0.9302325581395349,
        "confusion_matrix": {
            "tn": 70,
            "fp": 1,
            "fn": 3,
            "tp": 40
        }
    },
    "LDA": {
        "accuracy": 0.9649122807017544,
        "precision": 0.9652053622194477,
        "recall": 0.9649122807017544,
        "f1": 0.9647382344750765,
        "roc_auc": 0.9957418932197838,
        "specificity": 0.9859154929577465,
        "sensitivity": 0.9302325581395349,
        "confusion_matrix": {
            "tn": 70,
            "fp": 1,
            "fn": 3,
            "tp": 40
        }
    },
    "MLP": {
        "accuracy": 0.9736842105263158,
        "precision": 0.9737190197716513,
        "recall": 0.9736842105263158,
        "f1": 0.973621425014614,
        "roc_auc": 0.9950867998689813,
        "specificity": 0.9859154929577465,
        "sensitivity": 0.9534883720930233,
        "confusion_matrix": {
            "tn": 70,
            "fp": 1,
            "fn": 2,
            "tp": 41
        }
    }
}